CPV Division,CPV 4-digit,Description (sample),Award Count,Total Value £,Avg Value £
03,0340,Forestry and logging products,64,800576571.0,12509008.92
03,0344,Forestry products,61,735000000.0,12049180.33
03,0341,Timber,61,735000000.0,12049180.33
03,0345,Shrubs,55,5405601553.8,98283664.61
03,0300,"Agricultural, farming, fishing, forestry and related products",40,84636789501.0,2115919737.53
03,0312,Cut flowers,36,4600000000.0,127777777.78
03,0332,Sheep,1,7498935.0,7498935.0
09,0932,District heating,147,283724883737.45,1411566585.76
09,0933,Solar collectors for heat production,96,506335444555.75,2355048579.33
09,0930,"Electricity, heating, solar and nuclear energy",76,114367843373.35,1504840044.39
09,0931,Electricity,57,145981419166.0,2561077529.23
09,0912,Mains gas,22,142492280000.0,5480472307.69
09,0900,"Petroleum products, fuel, electricity and other sources of energy",14,166378287761.0,11884163411.5
09,0934,Plutonium,5,48400000.0,9680000.0
09,0911,Coal-based fuels,4,235800000.0,58950000.0
09,0913,Heating oil,3,500000000.0,166666666.67
09,0910,Fuels,2,1309900000.0,654950000.0
14,1441,Rock salt,7,226029000.0,32289857.14
14,1475,"Cadmium, lutetium, hafnium, tantalum and tungsten",2,34360249.0,17180124.5
14,1421,Soil,2,34000000.0,17000000.0
14,1490,Recovered secondary raw materials,1,70000000000.0,70000000000.0
15,1598,Non-alcoholic beverages,55,5900000000.0,107272727.27
15,1589,Deep-frozen products,46,22379491069.67,385853294.3
15,1599,Tobacco goods,26,52000000000.0,2000000000.0
15,1580,Miscellaneous food products,5,3852500000.0,770500000.0
15,1500,"Food, beverages, tobacco and related products",4,6789064346.0,1697266086.5
15,1588,Special nutritional products,3,3518600000.0,1172866666.67
15,1533,Fresh or frozen vegetables,3,255000000.0,42500000.0
15,1531,"Diced, sliced and other frozen potatoes",3,255000000.0,42500000.0
15,1522,Frozen fish,3,382500000.0,42500000.0
15,1581,Sandwiches,2,18600000.0,9300000.0
15,1590,"Beverages, tobacco and related products",1,500000000.0,500000000.0
16,1633,Pick-up balers,77,2362000000.0,30675324.68
16,1600,Agricultural machinery,27,166200000000.0,6155555555.56
16,1660,Specialist agricultural or forestry machinery,3,24000000.0,8000000.0
16,1610,Agricultural and forestry machinery for soil preparation or cultivation,3,24000000.0,8000000.0
18,1810,"Occupational clothing, special workwear and accessories",46,94626000000.0,2057086956.52
18,1880,Footwear,40,4618000000.0,115450000.0
18,1800,"Clothing, footwear, luggage articles and accessories",39,74588000000.0,1912512820.51
18,1842,Clothing accessories,36,1080000000.0,30000000.0
18,1822,Corporate clothing,36,1080000000.0,30000000.0
18,1850,"Jewellery, watches and related articles",26,52000000000.0,2000000000.0
18,1853,Presents and rewards,11,415200000.0,37745454.55
18,1893,Goods-packing bags,3,45662000000.0,4151090909.09
18,1892,Pouches,1,6500000000.0,6500000000.0
18,1841,Baby clothing,1,56225809.2,56225809.2
18,1840,Special clothing and accessories,1,3500000000.0,3500000000.0
18,1811,Industrial clothing,1,16000000.0,8000000.0
19,1923,Linen,23,6800000000.0,295652173.91
19,1960,"Leather, textile, rubber and plastic waste",3,88000000.0,29333333.33
19,1962,Textile waste,2,22564151.0,11282075.5
22,2245,Advertising stickers and strips,49,16025925809.2,271625861.17
22,2247,Computer manuals,29,28462000000.0,258745454.55
22,2212,Technical publications,27,7060000000.0,261481481.48
22,2283,Exercise papers,26,52000000000.0,2000000000.0
22,2246,Advertising material,19,1110400000.0,44416000.0
22,2299,Corrugated paper or paperboard,18,23500000000.0,340579710.14
22,2261,Printing ink,17,4250000000.0,250000000.0
22,2200,Printed matter and related products,17,14233410451.0,837259438.29
22,2210,"Printed books, brochures and leaflets",9,1204400000.0,133822222.22
22,2282,Business forms,8,4456250000.0,297083333.33
22,2231,Designs,8,788000000.0,98500000.0
22,2290,Miscellaneous printed matter,6,1162000000.0,193666666.67
22,2280,"Paper or paperboard registers, account books, binders, forms and other articles of printed stationery",6,1168000000.0,194666666.67
22,2220,"Newspapers, journals, periodicals and magazines",6,1054400000.0,175733333.33
22,2211,"Dictionaries, maps, music books and other books",6,116200000.0,10563636.36
22,2215,Brochures,3,322000000.0,107333333.33
22,2244,Cheque forms,2,222000000.0,111000000.0
22,2216,Booklets,2,222000000.0,111000000.0
22,2214,Leaflets,1,100000000.0,100000000.0
24,2461,Bird-scaring cartridges,55,5417760000.0,98504727.27
24,2460,Explosives,26,52000000000.0,2000000000.0
24,2411,Carbon dioxide,23,2925825388.4,117033015.54
24,2496,Water-treatment chemicals,16,323463000.0,20216437.5
24,2495,Chemical toilets,15,1367183780.0,91145585.33
24,2431,Carbon,10,565640000.0,56564000.0
24,2400,Chemical products,4,76036300000.0,19009075000.0
24,2410,Gases,2,1570400000.0,785200000.0
30,3023,Audio cards,144,281945742895.0,260097548.8
30,3021,Barcode readers,79,92479618958.0,268836101.62
30,3020,Computer equipment and supplies,77,23525632948.31,305527700.63
30,3016,Agency fuel cards,58,16209281277.66,234917119.97
30,3019,Bar-coded labels,46,102312432296.0,511562161.48
30,3000,"Office and computing machinery, equipment and supplies except furniture and software packages",45,174454869649.0,3876774881.09
30,3012,Digital duplicators,24,75281000000.0,259589655.17
30,3014,Calculating machines,19,14355500000.0,270858490.57
30,3017,Label making machines,17,8500000000.0,250000000.0
30,3013,Addressing machines,7,24157000000.0,671027777.78
30,3010,"Office machinery, equipment and supplies except computers, printers and furniture",2,440000000.0,220000000.0
31,3162,Burglar and fire alarms,425,85205399092.9,118505422.94
31,3168,Electrical accessories,122,40336513222.0,255294387.48
31,3165,Electrical tape,113,14005750000.0,123944690.27
31,3150,Lighting equipment and electric lamps,106,105430319000.0,994625650.94
31,3151,Emergency lighting equipment,104,6644976888.0,63894008.54
31,3121,Boards and fuse boxes,97,5847163213.0,31436361.36
31,3115,Battery chargers,74,9722385741.83,129631809.89
31,3132,Power distribution cables,68,6550000000.0,96323529.41
31,3160,Electrical equipment and apparatus,53,7560586523.0,142652575.91
31,3122,Connection cables,53,2313800000.0,43656603.77
31,3114,Water coolers,41,4663197000.0,113736512.2
31,3112,Dynamos,38,273154312754.0,4268036136.78
31,3116,Gas cooling systems,37,2320397000.0,62713432.43
31,3100,"Electrical machinery, apparatus, equipment and consumables; lighting",36,180240653374.83,5006684815.97
31,3117,Liquid dielectric transformers,24,1253723370.4,52238473.77
31,3171,Electronic equipment,20,7400700000.0,284642307.69
31,3130,Insulated wire and cable,19,7273819000.0,382832578.95
31,3152,Ceiling or wall light fittings,15,12701207907.6,423373596.92
31,3120,Electricity distribution and control apparatus,13,3695399459.0,284261496.85
31,3170,"Electronic, electromechanical and electrotechnical supplies",12,10757569000.0,896464083.33
31,3110,"Electric motors, generators and transformers",7,93023819000.0,13289117000.0
31,3144,Batteries,5,90000000000.0,18000000000.0
31,3172,Electromechanical equipment,4,7013750000.0,1753437500.0
31,3173,Electrotechnical equipment,3,7008000000.0,2336000000.0
31,3153,Light bulbs,3,19106353.8,6368784.6
31,3161,Electrical equipment for engines and vehicles,2,20187064.0,10093532.0
31,3142,Battery packs,2,44597509.0,22298754.5
31,3140,"Accumulators, primary cells and primary batteries",2,3023819000.0,1511909500.0
31,3167,Electrical parts of machinery or apparatus,1,5750000.0,5750000.0
31,3164,Linear accelerators,1,5110144.0,5110144.0
31,3163,Magnets,1,5750000.0,5750000.0
31,3123,Parts of electricity distribution or control apparatus,1,80000000.0,80000000.0
31,3113,Actuators,1,40000000.0,40000000.0
31,3111,Electric motors,1,40000000.0,40000000.0
32,3223,Closed-circuit surveillance system,368,45486789999.75,118764464.75
32,3241,Communications network,214,102658823564.0,240983153.91
32,3235,Accessories for sound and video equipment,171,26930500000.0,129473557.69
32,3225,GSM telephones,121,21738700000.0,149922068.97
32,3242,Network cabling,113,86322782815.63,263984045.31
32,3251,Wireless telecommunications system,106,21869302662.0,206314176.06
32,3232,Audio-visual equipment,106,35704308950.0,170020518.81
32,3200,"Radio, television, communication, telecommunication and related equipment",75,189008965464.82,2520119539.53
32,3258,Data and voice media,66,20097903262.0,198989141.21
32,3255,Electrical apparatus for line telephony or line telegraphy,61,21814500000.0,183315126.05
32,3250,Telecommunications equipment and supplies,53,107600380526.82,2030195859.0
32,3240,Networks,47,103389134980.0,2199768829.36
32,3257,Communications cable,46,26880210648.0,246607437.14
32,3234,Amplifiers,39,51996270822.0,238515003.77
32,3252,Telecommunications cable,38,30102857548.0,342077926.68
32,3256,Fibre-optic connections,32,33657105324.0,271428268.74
32,3226,Data-transmission equipment,32,10322500000.0,322578125.0
32,3233,"Apparatus for sound, video-recording and reproduction",31,37875999999.0,284781954.88
32,3230,"Television and radio receivers, and sound or video recording or reproducing apparatus",23,14321819000.0,622687782.61
32,3243,Wide area network,19,7737500000.0,407236842.11
32,3254,Digital switching equipment,11,7298000000.0,663454545.45
32,3222,Radio beacons,11,10605600000.0,964145454.55
32,3220,"Transmission apparatus for radiotelephony, radiotelegraphy, radio broadcasting and television",9,7090500000.0,787833333.33
32,3244,Telematics system,7,655650000.0,93664285.71
32,3227,Digital transmission apparatus,5,7608000000.0,1521600000.0
32,3253,Satellite communications equipment,3,433100000.0,86620000.0
32,3231,Radio broadcast receivers,3,7008000000.0,2336000000.0
32,3221,Broadcasting equipment,1,32210000.0,32210000.0
33,3319,Beds for medical use,307,210522520273.0,385572381.45
33,3314,Acrylic teeth,165,185485521000.0,896065318.84
33,3369,Addiction treatment,138,162336878340.86,596826758.61
33,3310,Medical equipments,132,51608034006.0,390969954.59
33,3312,Cardiac-monitoring devices,121,20710362020.0,109578635.03
33,3316,Endoscopes,68,16969803175.0,128559114.96
33,3374,Hand care products,50,52456000000.0,1049120000.0
33,3300,"Medical equipments, pharmaceuticals and personal care products",41,128355005664.0,3130609894.24
33,3311,Dental X-ray,39,24935891000.0,508895734.69
33,3360,Pharmaceutical products,32,52109545633.0,1628423301.03
33,3365,General anti-infectives for systemic use and vaccines,28,104019148775.0,1926280532.87
33,3395,Biological evidence collection kits,27,64500000000.0,2388888888.89
33,3368,Pharmaceutical articles,26,52000000000.0,2000000000.0
33,3362,"Medicinal products for the blood, blood-forming organs and the cardiovascular system",26,52000000000.0,2000000000.0
33,3377,Paper sanitary,25,720000000.0,14400000.0
33,3370,Personal care products,23,336000000.0,14608695.65
33,3318,Artificial parts of the body,10,329024807.0,20564050.44
33,3379,Laboratory glassware,9,20020891000.0,2224543444.44
33,3315,"Electrical, electromagnetic and mechanical treatment",9,1228985136.0,72293243.29
33,3396,Embalming cavity injectors,8,561000000.0,70125000.0
33,3391,Pathology dissection instruments and supplies,6,120000000.0,20000000.0
33,3373,Eye care products and corrective lenses,5,60000000.0,12000000.0
33,3371,Dental kits,5,520000000.0,104000000.0
33,3394,Morgue cabinet refrigerators or freezers,4,34401680.0,8600420.0
33,3313,Dental and subspecialty instruments and devices,4,100000000.0,5000000.0
33,3375,Baby care products,1,56225809.2,56225809.2
34,3492,Barrier components,332,69067431885.29,186165584.6
34,3412,Buses and coaches,111,83745180017.0,721941207.04
34,3414,Aircraft-refuelling vehicles,105,23518399175.83,118182910.43
34,3499,"Control, safety or signalling equipment for parking facilities",78,86351400000.0,1040378313.25
34,3411,4-wheel-drive vehicles,75,55916333112.3,570574827.68
34,3410,Motor vehicles,75,3606800001.0,48090666.68
34,3400,Transport equipment and auxiliary products to transportation,57,166031408761.0,2912831732.65
34,3497,Speed camera equipment,56,12032327470.0,211093464.39
34,3443,Bicycles,53,4337165042.0,81833302.68
34,3491,Bicycle locks,50,7611120000.0,149237647.06
34,3442,Cycles with auxiliary motors,42,7050000000.0,83928571.43
34,3451,Bulk carriers,16,45775932111.64,1634854718.27
34,3471,Fixed-wing aircrafts,11,2607372317.0,186240879.79
34,3422,Mobile emergency units,10,386475833.0,38647583.3
34,3413,Flatbed and Tipper trucks,10,3439589267.0,149547359.43
34,3452,Police patrol boats,8,394543322.14,49317915.27
34,3462,Railway maintenance or service vehicles,7,465568042.42,58196005.3
34,3433,"Spare parts for goods vehicles, vans and cars",6,180000000.0,30000000.0
34,3432,"Test benches, vehicle conversion kits and seat belts",6,262800000.0,37542857.14
34,3495,Access ramps,5,25000000.0,5000000.0
34,3420,"Vehicle bodies, trailers or semi-trailers",3,480000000.0,160000000.0
34,3498,Transport tickets,2,158000000.0,79000000.0
34,3473,Parts for helicopters,2,1115860000.0,557930000.0
34,3460,Railway and tramway locomotives and rolling stock and associated parts,2,214239708.0,107119854.0
34,3474,Flight simulators,1,7570012.89,7570012.89
34,3470,Aircraft and spacecraft,1,241953313.0,241953313.0
34,3450,Ships and boats,1,12500000000.0,12500000000.0
34,3440,"Motorcycles, bicycles and sidecars",1,450000000.0,450000000.0
34,3430,Parts and accessories for vehicles and their engines,1,6400000.0,6400000.0
35,3512,Alarm systems,349,203867036832.0,346124001.41
35,3511,Fire escape equipment,304,184290772313.0,214541062.06
35,3500,"Security, fire-fighting, police and defence equipment",64,156114579697.0,2439290307.77
35,3581,Fire-brigade uniforms,38,2600000000.0,35135135.14
35,3534,Parts of firearms and ammunition,26,104000000000.0,2000000000.0
35,3533,Ammunition,26,104000000000.0,2000000000.0
35,3532,Firearms,26,104000000000.0,2000000000.0
35,3531,Miscellaneous weapons,26,52000000000.0,2000000000.0
35,3530,"Weapons, ammunition and associated parts",26,52000000000.0,2000000000.0
35,3520,Police equipment,26,52000000000.0,2000000000.0
35,3510,Emergency and security equipment,24,11443319000.0,476804958.33
35,3571,"Command, control, communication and computer systems",12,14259099001.0,1018507071.5
35,3561,Anti submarine warfare helicopters,8,6928736147.0,532979703.62
35,3526,Crossing control signalling equipment,8,4055100000.0,506887500.0
35,3572,Air defence radar,6,3148205681.3,524700946.88
35,3570,Military electronic systems,3,7008000000.0,2336000000.0
35,3582,Flagpole,2,167828685.0,55942895.0
35,3551,Auxiliary hospital; cargo; tanker; ro-ro vessel,2,1576500000.0,788250000.0
35,3563,Communication satellites,1,15100000.0,15100000.0
35,3542,Parts of military vehicles,1,11768000.0,11768000.0
37,3753,Playground equipment,79,733732613.51,9058427.33
37,3700,"Musical instruments, sport goods, games, toys, handicraft, art materials and accessories",27,617544074.0,22872002.74
37,3731,Keyboard instruments,17,8500000000.0,250000000.0
37,3730,Musical instruments and parts,17,4250000000.0,250000000.0
37,3741,Athletics equipment,3,518000000.0,74000000.0
37,3752,Lottery formulary,2,31535864592.0,7883966148.0
37,3745,Field and court sports equipment,2,170000000.0,85000000.0
37,3744,Fitness equipments,2,170000000.0,85000000.0
37,3742,Gymnasium equipment,2,170000000.0,85000000.0
38,3843,Analysers,104,76059267000.0,314294491.74
38,3850,Checking and testing apparatus,93,20232800000.0,217556989.25
38,3891,Automated swab test kits,84,106376240000.0,967056727.27
38,3854,Drug detection apparatus,55,15158677989.2,275612327.08
38,3870,Time registers and the like; parking meters,47,93525000000.0,1989893617.02
38,3873,Parking meters,43,3538500000.0,82290697.67
38,3890,Miscellaneous evaluation or testing instruments,33,1571000000.0,47606060.61
38,3812,Meteorological instruments,32,4900700000.0,153146875.0
38,3855,Electricity meters,29,183857640000.0,2828579076.92
38,3842,Flowmeters,27,92091266000.0,3288973785.71
38,3865,Cameras,23,11535000000.0,245425531.91
38,3851,Microscopes,17,4250000000.0,250000000.0
38,3811,Global navigation and positioning systems (GPS or equivalent),12,382500000.0,31875000.0
38,3852,Scanners,10,2665500000.0,266550000.0
38,3841,Metering instruments,9,611000000.0,67888888.89
38,3831,Electronic scales and accessories,8,290000000.0,36250000.0
38,3822,Geographic information systems (GIS or equivalent),6,265478019.84,44246336.64
38,3880,Industrial process control equipment and remote-control equipment,5,90000000000.0,18000000000.0
38,3829,"Surveying, hydrographic, oceanographic and hydrological instruments and appliances",4,63075000.0,15768750.0
38,3858,Baggage-scanning equipment,3,13047638000.0,2174606333.33
38,3864,Periscopes,2,15580000.0,7790000.0
38,3800,"Laboratory, optical and precision equipments (excl. glasses)",2,76000000000.0,38000000000.0
38,3895,Polymerase Chain Reaction (PCR) equipment,1,12500000000.0,12500000000.0
39,3971,Air-conditioning appliances,288,296892586871.9,590243711.47
39,3952,Fire blankets,163,29080215606.93,178406230.72
39,3972,Domestic cooking or heating equipment,124,4869133226.45,31013587.43
39,3914,Bathroom furniture,118,29239005453.9,180487687.99
39,3922,Bins,108,15473630971.67,143274360.85
39,3937,Water installations,104,9340266000.0,89810250.0
39,3916,Educational equipment,63,19995158000.0,240905518.07
39,3929,Artificial grass,42,8410000000.0,200238095.24
39,3953,Carpet tiles,41,16360000000.0,287017543.86
39,3924,Cutlery,28,52100000000.0,1860714285.71
39,3913,Display units,28,5934051000.0,211930392.86
39,3951,"Curtains, drapes, valances and textile blinds",26,10407653531.0,385468649.3
39,3981,Air sanitisers,25,570000000.0,14615384.62
39,3915,Exhibition equipment,19,2763065042.0,138153252.1
39,3900,"Furniture (incl. office furniture), furnishings, domestic appliances (excl. lighting) and cleaning products",13,239540114980.0,18426162690.77
39,3983,Cleaning compounds,8,3612800000.0,328436363.64
39,3956,Ventilation ducting,6,298729613.0,49788268.83
39,3931,Catering equipment,6,3589732799.67,512818971.38
39,3933,Disinfection equipment,4,3538000000.0,884500000.0
39,3970,Domestic appliances,3,3517268026.3,1172422675.43
39,3930,Miscellaneous equipment,3,125000000.0,41666666.67
39,3954,Slings,2,100000000.0,50000000.0
39,3917,Display cases,2,1580500000.0,790250000.0
39,3950,Textile articles,1,3500000000.0,3500000000.0
39,3911,"Seats, chairs and related products, and associated parts",1,18060000.0,18060000.0
41,4112,Non-drinking water,5,305000000.0,61000000.0
41,4111,Drinking water,5,305000000.0,61000000.0
41,4110,Natural water,5,305000000.0,61000000.0
41,4100,Collected and purified water,4,80000000.0,20000000.0
42,4241,Bath lifts,344,105079587063.94,124354540.9
42,4296,Access control system,298,48566171961.0,161887239.87
42,4252,Parts of fans,165,6603729613.0,40022603.72
42,4251,Air-conditioning installations,165,421301375520.9,1515472573.82
42,4293,"Centrifuges, calendering or vending machines",83,2587391069.67,30802274.64
42,4232,Waste incinerators,83,3576650904.0,43092179.57
42,4230,"Industrial or laboratory furnaces, incinerators and ovens",77,2362000000.0,30675324.68
42,4216,Auxiliary plant for use with boilers,57,13867490801.9,161249893.05
42,4299,Non-domestic vacuum cleaners and floor polishers,56,24629051009.0,424638810.5
42,4212,Compressors,42,212362189224.81,3169584913.8
42,4291,Machinery and apparatus for filtering or purifying water,35,3962166000.0,58267147.06
42,4294,Bath covers,32,18704000000.0,584500000.0
42,4250,Cooling and ventilation equipment,26,2037200000.0,78353846.15
42,4240,Lifting and handling equipment and parts,21,613000000.0,29190476.19
42,4264,Machine tools for working concrete,20,200000000.0,10000000.0
42,4200,Industrial machinery,20,168450300000.0,8422515000.0
42,4292,Decontamination equipment,16,7315771511.87,430339500.7
42,4253,Parts of heat pumps,9,721000000.0,72100000.0
42,4211,Condenser air-cooling systems,7,70596181885.0,5430475529.62
42,4213,Central-heating radiator valves,6,534462737.45,89077122.91
42,4295,Parts of filtering machinery,4,36800000.0,9200000.0
42,4221,"Cooking ovens, dryers for agricultural products and equipment for cooking or heating",3,500000000.0,166666666.67
42,4290,Miscellaneous general and special-purpose machinery,1,3500000000.0,3500000000.0
42,4271,"Laundry washing, dry-cleaning and drying machines",1,12000000.0,12000000.0
42,4210,Machinery for the production and use of mechanical power,1,200000000.0,200000000.0
43,4331,Civil engineering machinery,136,3352000000.0,19045454.55
43,4381,Sawing equipment,94,5920000000.0,62978723.4
43,4332,Drainage equipment,77,13666262119.42,170828276.49
43,4313,Drilling equipment,24,263040408.0,10960017.0
43,4326,Excavating machinery,23,224000000.0,9739130.43
43,4300,"Machinery for mining, quarrying, construction equipment",21,70200000000.0,3342857142.86
43,4383,Power tools,16,8000000000.0,500000000.0
43,4330,Construction machinery and equipment,8,91553200000.0,11444150000.0
43,4320,"Earthmoving and excavating machinery, and associated parts",4,63040408.0,15760102.0
43,4341,Sorting and screening machines,2,1605500000.0,802750000.0
43,4312,Rock-drilling equipment,2,40071951.22,20035975.61
43,4340,Mineral-processing and foundry mould-forming machinery,1,20000000.0,20000000.0
44,4461,Air cylinders,350,219886804915.0,533705837.17
44,4448,Fire hoses,263,43080000000.0,153857142.86
44,4411,Building fittings,233,90913211947.2,280596333.17
44,4422,Access gates,172,47375606468.6,177436728.35
44,4431,Hardware,99,360060871659.0,3636978501.61
44,4462,Boilers,91,290489601909.3,1030104971.31
44,4421,Bus shelters,88,134569526750.0,1011800953.01
44,4416,Distance-heating pipes,59,10201452961.4,132486402.1
44,4423,Builders' carpentry,56,7220000000.0,128928571.43
44,4410,Construction materials and associated items,47,4940733990.0,105121999.79
44,4460,"Tanks, reservoirs and containers; central-heating radiators and boilers",43,1737900000.0,40416279.07
44,4490,"Stone for construction, limestone, gypsum and slate",42,3481000000.0,82880952.38
44,4440,Miscellaneous fabricated products and related items,41,1681000000.0,41000000.0
44,4441,Articles for the bathroom and kitchen,36,29273060000.0,430486176.47
44,4400,Construction structures and materials; auxiliary products to construction (except electric apparatus),18,164921316697.0,9162295372.06
44,4451,Hand tools,17,8020000000.0,471764705.88
44,4481,Decorating supplies,16,8000000000.0,500000000.0
44,4442,Adhesive tape,6,21077500000.0,2634687500.0
44,4417,Panels,6,720000000.0,120000000.0
44,4420,Structural products,5,90000000000.0,18000000000.0
44,4452,Electronic security lock,4,11347638000.0,1891273000.0
44,4450,"Tools, locks, keys, hinges, fasteners, chain and springs",2,17268026.3,8634013.15
44,4414,Pallets,2,1590500000.0,795250000.0
44,4454,Chain,1,182168609.14,182168609.14
44,4419,Miscellaneous construction materials,1,50000000.0,50000000.0
44,4413,Sewer mains,1,11580459.0,11580459.0
45,4531,Alarm system and antenna installation work,626,593696923420.29,528670457.19
45,4523,Ancillary works for electricity power lines,542,459061810062.1,663384118.59
45,4526,Asbestos-removal work,494,469585723455.24,506564965.97
45,4521,Airport buildings construction work,377,961107597394.52,1307629384.21
45,4534,CO2 fire-extinguishing equipment installation work,299,137626818932.0,326129902.68
45,4533,Air-conditioning installation work,276,722618664960.52,1169285865.63
45,4500,Construction work,238,302757632868.63,1272090894.41
45,4511,Building demolition and wrecking work and earthmoving work,178,291317071898.71,363238244.26
45,4522,Assembly and erection of prefabricated structures,168,205833437263.0,693041876.31
45,4530,Building installation work,134,182638452586.0,1362973526.76
45,4525,Cogeneration plant construction work,133,533237769477.55,2762889997.29
45,4542,Carpentry installation work,123,259271058450.99,839064914.08
45,4550,Hire of construction and civil engineering machinery and equipment with operator,112,3271320520.94,29208218.94
45,4535,Mechanical engineering installation works,110,172265384764.95,1305040793.67
45,4545,Decoration work,108,269279061344.71,1896331417.92
45,4544,Application work of protective coatings,98,179772482891.4,1284089163.51
45,4540,Building completion work,93,103930268055.0,1117529764.03
45,4532,Insulation work,86,235803764772.0,1746694553.87
45,4543,Floor and wall covering work,72,261735239620.0,2199455795.13
45,4520,Works for complete or part construction and civil engineering work,64,104543970000.0,1633499531.25
45,4510,Site preparation work,58,98697282764.0,1701677289.03
45,4541,Plastering work,56,95227415591.0,1700489564.12
45,4552,Hire of earthmoving equipment with operator,42,1917540408.0,45655724.0
45,4551,Hire of cranes with operator,40,1899770520.94,47494263.02
45,4524,Boardwalk construction work,7,99303000000.0,7638692307.69
45,4512,Test drilling and boring work,6,90020000000.0,15003333333.33
48,4800,Software package and information systems,391,585347315026.69,1497051956.59
48,4852,Multimedia software package,186,20823088148.0,84304000.6
48,4874,Foreign language translation software package,162,11588000000.0,71530864.2
48,4851,Communication software package,156,47556941592.42,187972101.16
48,4881,Clinical information system,138,37454662091.02,225630494.52
48,4893,Entertainment software package,102,12056272995.96,118198754.86
48,4880,Information systems and servers,92,21331856112.13,231868001.22
48,4861,Data-acquisition system,92,38554627948.74,228133893.19
48,4821,Administration software package,92,74852896063.6,267331771.66
48,4833,Contact management software package,86,17466453272.15,133331704.37
48,4862,Operating systems,83,28015529629.61,277381481.48
48,4831,Desktop-publishing software package,80,69072281941.78,250261891.09
48,4844,Accounting software package,75,384363625748.45,3962511605.65
48,4842,Facilities management software package,61,82699358138.0,939765433.39
48,4810,Industry specific software package,56,357130231422.2,6377325561.11
48,4822,Electronic mail software package,52,56043000000.0,463165289.26
48,4818,Medical software package,52,4237378817.21,81488054.18
48,4845,Enterprise resource planning software package,44,82915915748.45,1184513082.12
48,4898,Configuration management software package,42,20523648062.42,270048000.82
48,4820,"Networking, Internet and intranet software package",42,19660087947.75,468097332.09
48,4873,Data security software package,40,21924920020.25,238314348.05
48,4882,Computer servers,39,34010591107.31,183841033.01
48,4860,Database and operating software package,36,20552633903.63,570906497.32
48,4890,Miscellaneous software package and computer systems,34,14290999834.75,420323524.55
48,4819,Educational software package,34,8289401591.0,243805929.15
48,4850,Communication and multimedia software package,33,21328724227.82,646324976.6
48,4816,Library management system,32,13871394980.0,277427899.6
48,4878,Content management software package,31,25339757302.25,284716374.18
48,4840,Business transaction and personal business software package,30,40122072000.0,1337402400.0
48,4830,"Document creation, drawing, imaging, scheduling and productivity software package",28,12545874395.0,448066942.68
48,4848,Business intelligence software package,24,40012500000.0,1667187500.0
48,4832,Charting software package,24,40170796124.84,262554223.04
48,4876,Anti-virus software package,22,15637438233.75,400959954.71
48,4843,Inventory management software package,21,4779950605.21,227616695.49
48,4849,Procurement software package,20,4354166163.45,217708308.17
48,4846,"Analytical, scientific, mathematical or forecasting software package",20,8557511781.21,231284102.19
48,4877,General utility software package,19,17152400000.0,245034285.71
48,4871,Backup or recovery software package,18,4310000000.0,239444444.44
48,4899,Spreadsheet software package,17,8500000000.0,250000000.0
48,4897,Print shop software package,17,4250000000.0,250000000.0
48,4894,Calendar software package,17,4250000000.0,250000000.0
48,4892,Automation system,8,9811285000.0,1226410625.0
48,4870,Software package utilities,5,8360000000.0,1672000000.0
48,4817,Compliance software package,4,1914280834.75,478570208.69
48,4895,Public address systems,2,1872183780.0,936091890.0
48,4875,Storage media loading software package,2,152400000.0,76200000.0
48,4872,Bar coding software package,2,8040500000.0,4020250000.0
48,4841,Investment management software package,2,1710885044.45,855442522.23
48,4896,Drivers and system software package,1,9000000.0,9000000.0
48,4815,Computer control system,1,145000000.0,145000000.0
50,5000,Repair and maintenance services,518,294087681112.08,567736836.12
50,5053,Gas appliance maintenance services,362,202027775114.31,384814809.74
50,5071,Repair and maintenance services of electrical and mechanical building installations,356,216726532221.4,479483478.37
50,5031,Maintenance and repair of computer equipment,306,313938441657.5,596841143.84
50,5075,Lift-maintenance services,274,111183491589.0,405779166.38
50,5070,Repair and maintenance services of building installations,251,191840711323.06,764305622.8
50,5051,Repair and maintenance services of gas pumps,230,39483007718.81,97248787.48
50,5072,Commissioning of heating installations,216,208107908869.92,822560904.62
50,5061,Repair and maintenance services of security equipment,215,29501324706.0,137215463.75
50,5011,Ambulance conversion services,198,409701789867.57,884885075.31
50,5041,Repair and maintenance services of checking apparatus,183,92208662877.52,482767868.47
50,5080,Miscellaneous repair and maintenance services,157,181217135861.42,1154249273.0
50,5032,Maintenance and repair of computer peripherals,123,80430563295.54,237258298.81
50,5033,Communications system maintenance services,107,32656897605.89,210689661.97
50,5042,Repair and maintenance services of X-ray equipment,98,35247819067.32,275373586.46
50,5034,Repair and maintenance services of audio equipment,84,28223722052.66,217105554.25
50,5020,"Repair, maintenance and associated services related to aircraft, railways, roads and marine equipment",69,11449795412.82,165939063.95
50,5030,"Repair, maintenance and associated services related to personal computers, office equipment, telecommunications and audio-visual equipment",58,114147143138.46,1968054192.04
50,5088,Repair and maintenance services of catering equipment,46,5220946200.49,113498830.45
50,5010,"Repair, maintenance and associated services of vehicles and related equipment",46,3843906847.91,83563192.35
50,5085,Repair and maintenance services of furniture,43,5151460000.0,119801395.35
50,5023,Commissioning of public lighting installations,35,10215688119.8,212826835.83
50,5019,Demolition services of vehicles,35,52245100000.0,1492717142.86
50,5021,Aircraft maintenance services,33,4482831424.12,128080897.83
50,5050,"Repair and maintenance services for pumps, valves, taps and metal containers and machinery",31,6592290169.81,212654521.61
50,5022,Railway-track maintenance services,26,2467497471.67,79596692.63
50,5043,Calibration services,24,72520401490.4,3021683395.43
50,5076,Repair and maintenance of public conveniences,20,4859072590.2,242953629.51
50,5087,Repair and maintenance services of playground equipment,19,2035048144.51,107107797.08
50,5063,Repair and maintenance services of military vehicles,19,710990722.0,37420564.32
50,5024,Buoy maintenance services,19,30661918154.2,1135626598.3
50,5066,Repair and maintenance services of military electronic systems,18,7899213380.37,438845187.8
50,5060,Repair and maintenance services of security and defence materials,17,83901065590.4,4935356799.44
50,5040,Repair and maintenance services of medical and precision equipment,17,906307233.83,53312190.23
50,5084,Repair and maintenance services of weapon systems,15,711198975.4,47413265.03
50,5074,Repair and maintenance services of escalators,11,70145000000.0,6376818181.82
50,5073,Repair and maintenance services of cooler groups,9,175668500.0,19518722.22
50,5064,Repair and maintenance services of warships,6,1394476329.33,232412721.55
50,5062,Repair and maintenance services of firearms and ammunition,4,158400159.6,39600039.9
50,5065,"Repair and maintenance services of military aircrafts, missiles and spacecrafts",3,343838785.0,114612928.33
50,5083,Repair services of garments and textiles,1,3500000000.0,3500000000.0
51,5170,Installation services of fire protection equipment,267,48093344000.0,180124883.9
51,5111,Installation services of electrical equipment,163,22338464959.45,136210152.19
51,5110,Installation services of electrical and mechanical equipment,138,121751197533.45,882255054.59
51,5100,Installation services (except software),105,136589441475.0,1300851823.57
51,5181,Installation services of tanks,88,9042476888.0,102755419.18
51,5131,"Installation services of radio, television, sound and video equipment",71,11050000000.0,155633802.82
51,5130,Installation services of communications equipment,63,12433805520.0,197361992.38
51,5151,"Installation services of lifting and handling equipment, except lifts and escalators",58,2250718684.0,38805494.55
51,5161,Hardware installation services,36,35518059642.0,866294137.61
51,5112,Installation services of flagpoles,20,71302489240.0,3565124462.0
51,5141,Installation services of dental and subspecialty equipment,15,390553363.0,26036890.87
51,5140,Installation services of medical and surgical equipment,12,10350000000.0,862500000.0
51,5150,Installation services of machinery and equipment,7,3048819000.0,435545571.43
51,5160,Installation services of computers and office equipment,6,4149819000.0,691636500.0
51,5162,Installation services of office equipment,4,51460000.0,12865000.0
51,5134,Installation services of line telephony equipment,3,7008000000.0,2336000000.0
51,5113,Installation services of compressors,3,467715904.0,155905301.33
51,5190,Installation services of guidance and control systems,2,3023819000.0,1511909500.0
51,5120,"Installation services of equipment for measuring, checking, testing and navigating",2,37049220.0,18524610.0
51,5114,Installation services of diesel engines,2,29000000.0,14500000.0
51,5154,"Installation services of laundry washing, dry-cleaning and drying machines",1,12000000.0,12000000.0
51,5143,Installation services of laboratory equipment,1,510000000.0,510000000.0
51,5132,Installation services of radio transmitters,1,175000000.0,175000000.0
51,5121,Installation services of parking meter equipment,1,13500000.0,13500000.0
55,5552,Catering services,201,291673535229.08,985383564.96
55,5525,Letting services of short-stay furnished accommodation,104,26043734828.0,250420527.19
55,5550,Canteen and catering services,84,170735143626.0,2032561233.64
55,5524,Children's holiday-camp services,65,13153900000.0,202367692.31
55,5530,Restaurant and food-serving services,63,80077042895.67,1271064172.95
55,5511,Hotel accommodation services,31,29690906000.0,957771161.29
55,5500,"Hotel, restaurant and retail trade services",29,172799095415.67,5958589497.09
55,5512,Hotel meeting and conference services,20,30024777204.0,1501238860.2
55,5513,Other hotel services,15,29396500000.0,1959766666.67
55,5510,Hotel services,15,29365906000.0,1957727066.67
55,5590,Retail trade services,14,74195034316.0,5299645308.29
55,5551,Canteen management services,8,1335131069.67,102702389.97
55,5540,Beverage-serving services,8,618911069.67,77363883.71
55,5520,Camping sites and other non-hotel accommodation,8,13427000000.0,1678375000.0
55,5533,Cafeteria services,7,493618090.0,70516870.0
55,5532,Meal-serving services,7,455839902.0,65119986.0
55,5541,Bar management services,4,350500000.0,87625000.0
55,5531,Restaurant waiter services,1,30000000.0,30000000.0
55,5527,Services provided by bed and breakfast establishments,1,12500000000.0,12500000000.0
55,5522,Camping-site services,1,12500000000.0,12500000000.0
55,5521,Youth hostel services,1,12500000000.0,12500000000.0
60,6000,Transport services (excl. Waste transport),325,242883672372.43,747334376.53
60,6017,Hire of buses and coaches with driver,243,107162929546.07,234492187.19
60,6013,Special-purpose road passenger-transport services,213,23934426135.45,112368197.82
60,6012,Taxi services,188,108468012951.79,576957515.7
60,6011,Public road transport services,179,21311056003.21,119056178.79
60,6010,Road transport services,101,28121611147.87,278431793.54
60,6042,Air-charter services,62,247827674237.61,2155023254.24
60,6018,Hire of goods-transport vehicles with driver,54,16870656150.0,103500957.98
60,6040,Air transport services,51,89725652309.61,1759326515.87
60,6020,Railway transport services,45,39718882355.91,882641830.13
60,6041,Scheduled air transport services,44,96753163578.61,2150070301.75
60,6014,Non-scheduled passenger transport,41,13319025810.37,324854288.06
60,6016,Mail transport by road,34,123402770910.0,1928168295.47
60,6065,Anti-pollution ship services,17,127231854867.0,2446766439.75
60,6060,Water transport services,13,22031575000.0,1694736538.46
60,6044,Aerial and related services,9,1505374866.0,100358324.4
60,6022,Mail transport by railway,4,8134300000.0,2033575000.0
60,6064,Shipping operations,2,7125000000.0,3562500000.0
60,6061,Ferry transport services,2,7800000000.0,3900000000.0
60,6062,Transport by water of mail,1,65800000.0,65800000.0
60,6030,Pipeline transport services,1,7713434.0,7713434.0
63,6312,Gas storage services,205,119961149371.24,412237626.71
63,6371,Bridge and tunnel operation services,110,177785282743.64,1097440016.94
63,6352,Freight transport agency services,45,64059307721.46,1256064857.28
63,6372,Anchor handling services,36,143550976998.56,2658351425.9
63,6351,Sale of travel tickets and package tours services,36,193337853330.58,2685247962.92
63,6300,Supporting and auxiliary transport services; travel agencies services,28,106630252187.66,3808223292.42
63,6370,"Support services for land, water and air transport",18,94245575000.0,5235865277.78
63,6350,"Travel agency, tour operator and tourist assistance services",16,29364500000.0,1835281250.0
63,6373,Aircraft refuelling services,7,85663934833.6,10707991854.2
63,6311,Baggage handling services,5,17672770520.94,2209096315.12
63,6310,Cargo handling and storage services,5,8244465910.0,1648893182.0
64,6421,Communication land-line rental,264,55973712452.02,154197554.96
64,6420,Telecommunications services,223,40493152847.4,181583645.06
64,6410,Post and courier services,139,141811890210.34,1020229425.97
64,6412,Courier services,84,250725080190.34,1340775829.89
64,6422,Air-to-ground telecommunications services,46,37307983917.0,592190220.9
64,6411,Mailbox rental,42,80893356353.96,1498025117.67
64,6400,Postal and telecommunications services,16,86787700000.0,5424231250.0
65,6550,Meter reading service,35,163026000000.0,4657885714.29
65,6500,Public utilities,28,171085944966.12,6110212320.22
65,6510,Water distribution and related services,26,93961875379.0,3613918283.81
65,6540,Other sources of energy supplies and distribution,19,98747708402.47,5197247810.66
65,6520,Gas distribution and related services,19,98413846259.12,5179676118.9
65,6530,Electricity distribution and related services,17,98504219136.83,5794365831.58
65,6541,Operation of a power plant,7,1390263658.0,198609094.0
65,6532,Operation of electrical installations,7,1241291416.17,177327345.17
65,6511,Drinking-water distribution,6,1173800000.0,117380000.0
65,6513,Operation of water supplies,5,90266000.0,18053200.0
65,6531,Electricity distribution,3,56380459.0,18793486.33
65,6521,Gas distribution,2,236580459.0,118290229.5
66,6617,Financial consultancy services,245,67647796494.0,208147066.14
66,6651,Accident and health insurance services,238,75074225070.25,131478502.75
66,6600,Financial and insurance services,160,124621997609.21,778887485.06
66,6611,Banking services,155,60166434884.5,362448402.92
66,6614,Pension fund management services,93,30857500000.0,331801075.27
66,6652,Group pension services,69,20843606047.68,221740489.87
66,6612,Corporate finance and venture capital services,52,23166888438.0,379785056.36
66,6660,Treasury services,51,2489642488.5,48816519.38
66,6615,Electronic marketplace retailing services,28,7933733134.0,132228885.57
66,6650,Insurance and pension services,24,1673580428.9,69732517.87
66,6613,Pension investment services,23,4915400000.0,213713043.48
66,6610,Banking and investment services,17,17521605734.0,1030682690.24
66,6616,Custody services,13,857953335.68,65996410.44
66,6619,Loan brokerage services,3,267650000.0,89216666.67
66,6618,Foreign exchange services,3,321420000.0,107140000.0
66,6672,Accident and health reinsurance services,1,600000000.0,600000000.0
66,6671,Life reinsurance services,1,600000000.0,600000000.0
66,6670,Reinsurance services,1,600000000.0,600000000.0
70,7033,Commercial property management services,349,305177141535.13,476095384.61
70,7012,Building purchase services,155,305879000000.0,514082352.94
70,7011,Development of non-residential real estate,141,393409003648.6,1199417694.05
70,7000,Real estate services,135,186331793055.71,1380235504.12
70,7021,Residential property renting or leasing services,76,89877386926.0,1182597196.39
70,7030,Real estate agency services on a fee or contract basis,73,34201774083.2,468517453.19
70,7031,Building rental or sale services,72,15650380000.0,158084646.46
70,7022,Non-residential property renting or leasing services,67,8531500000.0,127335820.9
70,7013,Letting services of own property,53,20703000000.0,390622641.51
70,7032,Land rental or sale services,50,14715000000.0,141490384.62
70,7010,Real estate services with own property,37,15981100000.0,431921621.62
70,7020,Renting or leasing services of own property,28,9350000000.0,333928571.43
70,7034,Time-sharing services,27,3350000000.0,124074074.07
71,7131,Advisory and consultative engineering services,1674,1646091180046.01,206096304.0
71,7100,"Architectural, construction, engineering and inspection services",672,235643378802.19,350659789.88
71,7133,Corrosion engineering services,651,272429487842.27,238973234.95
71,7132,Ancillary building services,648,632716157224.01,461163379.9
71,7124,"Approval plans, working drawings and specifications",549,276692466253.69,279487339.65
71,7135,Aerial mapping services,483,217446621948.96,230345997.83
71,7154,Construction management services,449,72894546276.6,118335302.4
71,7120,Architectural and related services,442,145097393216.96,328274645.29
71,7153,Construction consultancy services,413,41754508432.45,101100504.68
71,7122,Architectural design services,400,152351706194.97,166686768.27
71,7163,Bridge-inspection services,393,108864199642.88,138504070.79
71,7180,Consulting services for water-supply and waste consultancy,357,144473331212.2,404687202.28
71,7125,Architectural and building-surveying services,349,65163087857.89,128526800.51
71,7160,"Technical testing, analysis and consultancy services",317,221322107546.55,698176995.41
71,7121,Advisory architectural services,312,43748894747.2,140220816.5
71,7170,Monitoring and control services,282,149137654747.2,528856931.73
71,7190,Laboratory services,248,184755555795.15,744982079.82
71,7130,Engineering services,243,140980058543.18,580164849.97
71,7141,Urban planning services,231,43010282205.96,186191697.86
71,7142,Landscape architectural services,229,48539635946.28,210128294.14
71,7150,Construction-related services,182,212315189973.68,1166566977.88
71,7140,Urban planning and landscape architectural services,182,133336158124.2,732616253.43
71,7152,Construction supervision services,160,65185588764.65,271606619.85
71,7162,Analysis services,130,20150423334.0,152654722.23
71,7123,Organisation of architectural design contests,111,30759501216.2,277112623.57
71,7173,Industrial inspection services,78,390700000.0,5008974.36
71,7151,Site-investigation services,64,14059201216.2,219675019.0
71,7161,Composition and purity testing and analysis services,31,4736000000.0,152774193.55
71,7134,Integrated engineering services,30,5737975000.0,191265833.33
71,7155,Blacksmith services,1,1800000000.0,1800000000.0
72,7200,"IT services: consulting, software development, Internet and support",1144,991836867199.06,866990268.53
72,7222,Business analysis consultancy services,1105,1272791024849.54,632285655.66
72,7221,Accounting software development services,427,353699719145.87,251743572.35
72,7226,Maintenance of information technology software,370,239380659007.26,332012009.72
72,7220,Software programming and consultancy services,342,86156131874.03,251918514.25
72,7250,Computer-related services,295,84707722642.58,287144822.52
72,7240,Internet services,278,77620395826.98,279210056.93
72,7230,Data services,266,59810213332.51,224850426.06
72,7251,Computer facilities management services,231,195216702579.51,677835772.85
72,7260,Computer support and consultancy services,230,83302776099.21,362185983.04
72,7280,Computer audit and testing services,212,60511300000.0,285430660.38
72,7231,Batch processing services,201,160158545886.79,265163155.44
72,7225,Computer archiving services,196,153958501320.4,459577615.88
72,7210,Hardware consultancy services,165,28736817675.48,174162531.37
72,7270,Computer network services,154,37473874839.88,243336849.61
72,7224,Contract systems analysis and programming services,132,79506204678.56,441701137.1
72,7241,Application service providers,115,39088833788.0,289546916.95
72,7290,Computer back-up and catalogue conversion services,108,15413785044.45,142720231.89
72,7232,Added-value database services,97,34366117321.85,327296355.45
72,7223,Custom software development services,65,62595234650.75,812925125.33
72,7271,Local area network services,48,20241778776.88,421703724.52
72,7259,Computer-related professional services,48,12103071370.45,205136802.89
72,7261,Computer support services,46,22443274991.8,374054583.2
72,7272,Wide area network services,42,16405827164.85,390614932.5
72,7212,Hardware disaster-recovery consultancy services,42,8112075712.31,193144659.82
72,7242,Internet development services,41,29169647479.48,428965404.11
72,7254,Computer expansion services,31,21945400000.0,255179069.77
72,7215,Computer audit consultancy and hardware consultancy services,29,4442142764.0,153177336.69
72,7214,Computer hardware acceptance testing consultancy services,22,3695750000.0,167988636.36
72,7211,Hardware selection consultancy services,22,3728000000.0,169454545.45
72,7291,Computer back-up services,20,4452000000.0,222600000.0
72,7281,Computer audit services,20,4605284943.75,230264247.19
72,7282,Computer testing services,19,3296238233.75,173486222.83
72,7213,Computer-site planning consultancy services,16,3522142764.0,220133922.75
72,7233,Content or data standardization and classification services,4,1356000000.0,339000000.0
72,7292,Computer catalogue conversion services,1,60000000.0,60000000.0
73,7300,Research and development services and related consultancy services,191,192376562352.76,1007207132.74
73,7321,Research consultancy services,149,18085258475.0,121377573.66
73,7343,Test and evaluation,133,24284638315.0,182591265.53
73,7342,Development of military electronic systems,117,14160833342.0,121032763.61
73,7322,Development consultancy services,98,18213296662.67,185849965.95
73,7311,Marine research services,80,21746378775.37,226524778.91
73,7320,Research and development consultancy services,63,3037439964.0,48213332.76
73,7310,Research and experimental development services,38,2288958695.16,60235755.14
73,7330,Design and execution of research and development,30,3820040988.0,127334699.6
73,7341,Military research and technology,5,1832740277.58,366548055.52
73,7312,Experimental development services,4,1308750000.0,327187500.0
73,7340,Research and Development services on security and defence materials,2,26380000.0,13190000.0
75,7524,Bailiff services,358,134521886978.52,248654134.9
75,7525,Fire-brigade and rescue services,332,97790871197.23,294550816.86
75,7523,Imprisonment services,202,27587735994.31,113998909.07
75,7513,General personnel services for the government,138,215295861805.08,1092872394.95
75,7522,Civil defence services,137,125723036852.59,771306974.56
75,7512,Administrative educational services,119,107946659552.52,907114786.16
75,7521,Consular services,106,25838316073.0,241479589.47
75,7510,Administration services,102,61492796810.85,602870556.97
75,7511,Administrative development project services,97,64948466571.41,636749672.27
75,7520,Provision of services to the community,81,25409208420.64,313693931.12
75,7531,Benefit services,56,34950880373.41,506534498.17
75,7500,"Administration, defence and social security services",55,111525925207.49,2027744094.68
75,7530,Compulsory social security services,40,19947523328.0,498688083.2
75,7534,Child allowances,16,16038180573.5,1002386285.84
75,7532,Government employee pension schemes,5,2033579887.0,406715977.4
75,7533,Family allowances,3,15039280573.5,5013093524.5
76,7600,Services related to the oil and gas industry,6,195000000.0,32500000.0
76,7660,Pipeline-inspection services,3,33907530.0,11302510.0
76,7652,Offshore supply-vessel services,2,25703679.0,12851839.5
76,7634,Core drilling,2,40071951.22,20035975.61
76,7632,Offshore drilling services,2,40071951.22,20035975.61
76,7610,Professional services for the gas industry,2,133000000.0,66500000.0
77,7731,Grassing services,258,361447188984.83,868863435.06
77,7721,Timber harvesting services,221,100321466536.29,219521808.61
77,7720,Forestry services,125,5530197002.0,44241576.02
77,7730,Horticultural services,115,166528428765.28,1448073293.61
77,7734,Hedge trimming,99,173144366181.87,1024522876.82
77,7710,Agricultural services,49,481400000.0,9824489.8
77,7700,"Agricultural, forestry, horticultural, aquacultural and apicultural services",45,81724718601.56,1816104857.81
77,7711,Hire of agricultural machinery with operator,40,639040408.0,8408426.42
77,7732,Sports fields maintenance services,27,163108732980.49,6041064184.46
77,7740,Zoological services,11,88000000.0,8000000.0
77,7712,Composting services,11,1168747500.0,106249772.73
77,7723,Forestry management services,8,70051125000.0,8756390625.0
77,7733,Floral-display services,3,175712000.0,58570666.67
77,7780,Aquaculture services,1,101100000.0,101100000.0
77,7750,Animal husbandry services,1,7498935.0,7498935.0
79,7999,Archiving services,1131,1291530153166.8,795277187.91
79,7941,Business and management consultancy services,961,506838643694.37,279557994.32
79,7910,Legal services,677,59718921110.03,88211109.47
79,7971,Absconder-tracing services,660,396115746632.65,314377576.69
79,7934,Advertising and marketing services,444,631559136186.38,567438576.99
79,7962,Supply services of commercial or industrial workers,398,430102627823.24,808463586.13
79,7911,Legal advisory and representation services,357,77459434000.09,135893743.86
79,7960,Recruitment services,348,349027582884.34,1002952824.38
79,7921,Accounting and auditing services,324,445474035133.9,437597284.02
79,7913,Certification services,314,42798600000.09,115050000.0
79,7914,Legal advisory and information services,295,13334188938.03,45200640.47
79,7900,"Business services: law, marketing, consulting, recruitment, printing and security",282,221068966340.34,783932504.75
79,7940,Business and management consultancy and related services,280,158758946567.5,566996237.74
79,7951,Call centre,249,144740035400.96,465402043.09
79,7931,Economic impact assessment,238,66772763089.32,164060842.97
79,7942,Arbitration and conciliation services,212,43070821367.59,163147050.63
79,7982,Composition services,207,72464037801.4,139086444.92
79,7954,Interpretation services,200,60914628804.98,304573144.02
79,7953,Translation services,196,60854030429.98,310479747.09
79,7994,Collection agency services,175,7240055395.0,40904267.77
79,7961,Employee relocation services,169,155691324266.41,704485630.16
79,7993,Design support services,155,16812701216.2,67250804.86
79,7920,"Accounting, auditing and fiscal services",148,65941789265.34,445552630.17
79,7970,Investigation and security services,139,20799186517.0,149634435.37
79,7995,Auction organisation services,136,103199604313.8,633126406.83
79,7972,Detective agency services,117,6787463118.0,56562192.65
79,7963,Assessment centre services for recruitment,117,169508011376.9,546800036.7
79,7922,Custom broker services,113,23697489996.0,168067304.94
79,7990,Miscellaneous business and business-related services,85,17860801526.8,210127076.79
79,7981,Digital printing services,70,96514555722.33,1191537724.97
79,7930,Market and economic research; polling and statistics,58,8475932142.0,146136761.07
79,7950,Office-support services,56,44876407079.34,801364412.13
79,7957,Mailing services,50,62110127581.98,1035168793.03
79,7980,Printing and related services,43,14354324604.1,333821502.42
79,7996,Advertising photography services,41,2363400159.6,20374139.31
79,7952,Photocopying services,34,42346580287.88,1114383691.79
79,7955,Typing services,30,41400000000.0,1335483870.97
79,7956,Filing services,23,40000000000.0,1739130434.78
79,7997,Bookbinding and finishing services,18,10081925757.0,530627671.42
79,7912,Patent and copyright consultancy services,18,732368476.03,40687137.56
79,7992,Packaging and related services,10,13248631958.4,1104052663.2
79,7998,Subscription services,6,1403000000.0,233833333.33
79,7933,Statistical services,2,1290000000.0,645000000.0
79,7932,Public-opinion polling services,2,23302108.0,11651054.0
79,7991,Management holdings services,1,26994980.0,26994980.0
79,7943,Crisis management services,1,12500000000.0,12500000000.0
80,8000,Education and training services,1143,4568534592441.3,3996968147.37
80,8050,Training services,460,111340353517.61,242044246.78
80,8010,Primary education services,267,8772064948.0,32854175.84
80,8020,Secondary education services,235,9905752119.0,42152136.68
80,8053,Computer courses,226,54496357247.77,123294925.9
80,8042,E-learning services,167,21153368049.64,126666874.55
80,8040,Adult and other education services,166,14615781919.95,88046879.04
80,8051,Specialist training services,149,87019940671.68,437286134.03
80,8052,Training facilities,140,15540436881.43,86818083.14
80,8057,Personal development training services,135,4613371797.68,34173124.43
80,8034,Special education services,122,8114732208.0,66514198.43
80,8021,Technical and vocational secondary education services,111,11098543074.0,60647776.36
80,8011,Pre-school education services,95,6972420202.0,73393896.86
80,8030,Higher education services,78,5377817831.0,68946382.45
80,8031,Youth education services,68,1699418159.0,24991443.51
80,8059,Tutorial services,61,1536105874.0,25182063.51
80,8054,Environmental training services,40,3539550000.0,88488750.0
80,8055,Safety training services,36,6028369000.0,167454694.44
80,8056,First-aid training services,28,9604566424.91,162789261.44
80,8041,Driving-school services,25,1668350000.0,59583928.57
80,8060,Training services in defence and security materials,20,3569819000.0,178490950.0
80,8043,Adult-education services at university level,19,981115262.0,51637645.37
80,8049,Operation of an educational centre,17,2608500000.0,153441176.47
80,8058,Provision of language courses,13,2699383982.04,207644921.7
80,8032,Medical education services,13,697027592.0,53617507.08
80,8033,Safety education services,11,595550000.0,54140909.09
80,8066,Training and simulation in military electronic systems,8,7061286496.89,882660812.11
80,8065,"Training and simulation in aircrafts, missiles and spacecrafts",7,1064368144.36,152052592.05
80,8062,Training and simulation in firearms and ammunition,5,405310140.7,81062028.14
80,8061,Training and simulation in security equipment,4,3071819000.0,767954750.0
85,8500,Health and social work services,4527,742420762328.8,163998401.22
85,8510,Health services,2477,643108539078.88,259632030.31
85,8531,Child daycare services,1435,911886764488.13,338613726.14
85,8530,Social work and related services,1167,533599439785.43,457240308.3
85,8514,Advisory services provided by nurses,794,188381843013.63,165537647.64
85,8511,Bacteriological analysis services,617,696049509489.42,754934392.07
85,8512,Cardiology services,510,236552536756.05,295321519.05
85,8532,Administrative social services,490,75766955722.8,129295146.28
85,8513,Dental practice and related services,185,3053080330.75,15497869.7
85,8515,Medical imaging services,151,38345876839.0,253946204.23
85,8520,Veterinary services,98,13333978833.55,136061008.51
85,8516,Optician services,35,2424619113.0,69274831.8
90,9051,Household-refuse collection services,424,600115865871.08,694578548.46
90,9071,Activity specific environmental auditing services,413,453120946684.89,350170747.05
90,9050,Refuse and waste related services,410,197096299176.85,480722680.92
90,9070,Environmental services,402,195055276364.44,485212130.26
90,9065,Asbestos removal services,397,140802509814.18,354666271.57
90,9091,Accommodation cleaning services,379,309952428209.13,429892410.83
90,9052,Clinical-waste collection services,217,159670510455.8,280616011.35
90,9092,Disinfecting and exterminating services,192,199235929264.0,709024659.3
90,9073,Air quality management,153,47550185636.52,251588283.79
90,9090,Cleaning and sanitation services,140,223694399043.95,1597817136.03
90,9000,"Sewage, refuse, cleaning and environmental services",127,177174583907.98,1395075463.84
90,9072,Endangered species protection services,100,18038186816.7,147853990.3
90,9062,Snow-clearing services,94,86116557019.48,916133585.31
90,9060,"Cleaning and sanitation services in urban or rural areas, and related services",36,74892321628.68,2080342267.46
90,9049,Sewage treatment consultancy services,36,5519147400.0,153309650.0
90,9053,Landfill management services,29,7540650414.0,228504558.0
90,9064,Gully cleaning and emptying services,23,77374979732.71,2865739990.1
90,9046,Cesspool or septic tank emptying services,21,71470250000.0,3403345238.1
90,9061,Street-cleaning and sweeping services,19,6359543472.55,219294602.5
90,9069,Graffiti removal services,17,74765875529.48,4397992678.2
90,9048,Sewerage management services,16,845000000.0,52812500.0
90,9045,Treatment services of septic tanks,15,2115000000.0,141000000.0
90,9043,Sewage disposal services,14,2060000000.0,147142857.14
90,9042,Sewage treatment services,14,2060000000.0,147142857.14
90,9041,Sewage removal services,13,1965000000.0,151153846.15
90,9047,Sewer cleaning services,10,798847759.71,79884775.97
90,9040,Sewage services,9,5945000000.0,660555555.56
90,9074,Pollutants tracking and monitoring and rehabilitation services,6,250401797.63,31300224.7
90,9063,Ice-clearing services,6,6087656465.68,1014609410.95
90,9044,Treatment services of cesspools,3,1350000000.0,450000000.0
90,9068,Beach cleaning services,2,560000000.0,280000000.0
90,9067,Disinfecting and exterminating services in urban or rural areas,1,200000000.0,200000000.0
90,9066,Deleading services,1,8000000.0,8000000.0
92,9251,Archive destruction services,120,16775335000.0,111094933.77
92,9200,"Recreational, cultural and sporting services",104,3835935936.0,36883999.38
92,9211,Advertising film production,39,388400000.0,5044155.84
92,9222,Closed circuit television services,35,8045603624.46,223488989.57
92,9261,Sports facilities operation services,32,72418236732.01,2263069897.88
92,9221,General Mobile Radio Services/Family Radio Services (GMRS/FRS),30,8191297736.0,264235410.84
92,9234,Ballroom dance-instruction services,29,2745676296.0,24960693.6
92,9220,Radio and television services,29,5471318473.0,188666154.24
92,9262,Sport-related services,13,2858961526.0,190597435.07
92,9260,Sporting services,13,524635498.42,40356576.8
92,9231,Artistic services,10,4287025000.0,158778703.7
92,9230,Entertainment services,5,364000000.0,72800000.0
92,9252,Preservation services of historical buildings,4,128000000.0,16000000.0
92,9250,"Library, archives, museums and other cultural services",4,1592933418.0,398233354.5
92,9232,Arts-facility operation services,3,313000000.0,104333333.33
92,9235,Lottery operating services,2,15767932296.0,7883966148.0
92,9253,Botanical and zoological garden services and nature reserve services,1,40000000.0,40000000.0
92,9233,Recreational-area services,1,25000000.0,25000000.0
98,9800,"Other community, social and personal services",530,57486521518.66,108465134.94
98,9834,Accommodation and office services,243,250595984116.63,846608054.45
98,9835,Car park management services,108,191299938358.7,1131952297.98
98,9831,Laundry-collection services,80,386230556237.88,3448487109.27
98,9839,Decommissioning services,76,222335495220.94,2779193690.26
98,9811,Nuclear safety services,47,13848635272.52,288513234.84
98,9820,Equal opportunities consultancy services,43,13030899952.0,303044184.93
98,9830,Miscellaneous services,37,17376884209.0,469645519.16
98,9833,Physical well-being services,34,1094244074.0,32183649.24
98,9836,Diving services,32,10546667412.28,277543879.27
98,9813,Civic betterment and community facility support services,23,2028414575.0,48295585.12
98,9891,Services specific to international organisations and bodies,17,9369251216.2,551132424.48
98,9851,Domestic services,17,2289539081.0,134678769.47
98,9890,Services provided by extra-territorial organisations and bodies,4,29250000.0,7312500.0
98,9837,Cemetery maintenance services,4,98934308.49,19786861.7
98,9850,Private households with employed persons,2,40494699.0,20247349.5
